"Covariate","All Companies","T_Value","P_Value","Significance","Industry_Concentration","N_Sample","N_Industry"
"Food.Code1",-0.116724274308149,-0.870050386346048,0.384272869234022,"None",0.5,231,4
"Food.Code2",-0.762405621029991,-9.97414291089091,1.97801800078877e-23,"1%",0.131034482758621,949,145
"Food.Code3",-0.270123760238403,-2.55699612946037,0.0105580392287766,"5%",0,375,7
"Food.Code4",-1.46633706879343,-2.28931801489808,0.0220608817464782,"5%",0,16,0
"Food.Code5",-1.36528117152102,-28.0268724078424,7.64619726640177e-173,"1%",0.235849056603774,2899,212
"Food.Code6",-0.318453731118534,-0.685347569907023,0.4931246204798,"None",0,19,0
"Food.Code7",-1.43508452528932,-2.88393492835818,0.00392739897982574,"10%",0,26,0
"Food.Code8",-1.38629436111989,-1.23993937131549,0.214997820000257,"None",0,5,0
"Food.Code10",0.693147180559945,0.980258143468547,0.326958710257475,"None",0,13,4
"Food.Code11",-0.847297860387203,-1.22785125111112,0.219502812283001,"None",0,10,0
"Food.Code12",0.0258078839558716,0.227178429001221,0.820285000367326,"None",0,326,8
"Food.Code13",0.448733088356679,4.90796351164538,9.20269701624009e-07,"1%",0.398230088495575,637,113
"Food.Code14",-0.221161390110218,-1.6559314019542,0.09773571149299,"None",0,237,4
"Food.Code15",-0.951063698629314,-26.0491157287396,1.37674253935394e-149,"1%",0.0933333333333333,3942,150
"Food.Code16",-0.518793793415167,-3.55723574190002,0.000374777804370769,"1%",0.0476190476190476,246,42
"Food.Code17",-0.55431073570573,-5.62268645821314,1.88010460064803e-08,"1%",0.142857142857143,489,35
"Food.Code18",-1.6376087894008,-3.96438845946718,7.35843429212648e-05,"1%",0,44,1
"Food.Code19",-0.693147180559945,-1.96051628693709,0.0499354762285442,"5%",0,39,0
"Food.Code20",-1.04731899428056,-4.02982366664942,5.58187093138806e-05,"1%",0,84,7
"Food.Code21",-1.30478506128428,-31.1598796164085,3.72708322188614e-213,"1%",0.147368421052632,3767,285
"Food.Code22",0.111225635110224,0.333161573895222,0.739012322336342,"None",0,41,4
"Food.Code23",-0.467900579048957,-4.00243810076029,6.2693072965344e-05,"1%",0.0909090909090909,325,11
"Food.Code24",-0.120144311842063,-0.599639285479153,0.548746659417248,"None",0.5,109,4
"Food.Code25",-0.443205436091012,-2.49415499988886,0.0126257397207346,"5%",0.111111111111111,145,9
"Food.Code26",-0.647237479255866,-4.63117470784036,3.63596898760292e-06,"1%",0,240,12
"Food.Code27",-1.16922985588206,-6.53966856881242,6.16553134305293e-11,"1%",0.142857142857143,188,14
"Food.Code28",-1.09861228866811,-2.1274535489752,0.0333824169209921,"5%",0,27,5
"Food.Code29",-0.908855753386624,-11.2770449345613,1.7037324383383e-29,"1%",0.310344827586207,799,29
"Food.Code30",-0.628608659422374,-2.4869536525837,0.0128842183134222,"5%",0,75,4
"Food.Code31",-0.510825623765991,-1.71336122908423,0.0866461043891224,"None",0,48,0
"Food.Code32",-0.635039549752663,-4.04262105681172,5.28570074776415e-05,"1%",0,200,17
"Food.Code33",0.20067069546215,1.785856449709,0.0741225039317374,"None",0,333,9
"Food.Code34",-0.322773392263051,-1.12647451472792,0.259964721987387,"None",0,53,1
"Food.Code35",-1.16047267725845,-21.3372351421514,5.12362952293199e-101,"1%",0.0574712643678161,1992,87
"Food.Code36",-1.02338886743052,-5.95319303351104,2.62960831899689e-09,"1%",0,181,7
"Food.Code37",-0.510825623765992,-3.12815531441404,0.00175907200274051,"10%",0.310344827586207,195,29
"Food.Code38",-0.919271360012294,-8.99739606967323,2.31134462164332e-19,"1%",0,486,8
"Food.Code39",0.014598799421153,0.0854350070891922,0.931915563259089,"None",0,144,5
"Food.Code40",0.302280871872934,1.33654642026759,0.18137073842034,"None",0,87,6
"Food.Code41",0.0926214898803948,1.03132231610389,0.302389696699675,"None",0,523,21
"Food.Code42",0,0,1,"None",0,17,0
"Food.Code43",-1.62470538456489,-5.35432486889544,8.58764493882887e-08,"1%",0,84,5
"Food.Code44",-0.51082562376599,-1.21152934370758,0.225692595516593,"None",0,25,0
"Food.Code45",-2.30258509299405,-2.19542874472441,0.0281328570479118,"5%",0,11,0
"Food.Code46",-0.680243775724038,-6.92218566743071,4.44727820636027e-12,"1%",0,491,20
"Food.Code48",-0.590732175131876,-5.03750279788611,4.71644668895491e-07,"1%",0,349,19
"Food.Code49",0.455062049247536,2.73411202096825,0.00625487605671144,"10%",0.0338983050847458,215,59
"Food.Code50",0.405465108108164,0.444164771984225,0.656923459709192,"None",0,5,0
"Food.Code51",-0.575364144903562,-1.95285066486196,0.0508372930385999,"None",0,52,1
"Food.Code52",-1.21302263984585,-3.53220167820562,0.000412114923050983,"1%",0,50,0
"Food.Code53",0.405465108108165,1.17514952780597,0.239934898752296,"None",0.5,38,2
"Food.Code54",-0.405465108108164,-0.628143844468444,0.529909713237582,"None",0,11,1
"Food.Code55",-1.08261194732167,-4.28784681309843,1.80413438963199e-05,"1%",0,88,4
"Food.Code56",-0.325422400434629,-0.894076183101771,0.371281131358988,"None",1,32,1
"Food.Code57",-0.99542805243288,-4.95972931903494,7.05914719990001e-07,"1%",0,130,1
"Food.Code58",-0.883704450676114,-19.0247218706275,1.06450682335835e-80,"1%",0.0792682926829268,2437,164
"Food.Code59",-0.684778930889428,-4.32486922663215,1.52622374587077e-05,"1%",0,186,6
"Food.Code60",-1.38629436111989,-1.23993937131549,0.214997820000257,"None",0,5,0
"Food.Code61",-1.33500106673234,-3.75623532250894,0.000172488511917695,"1%",0,50,1
"Food.Code62",13.5660664933676,0.0253376606479221,0.979785634712437,"None",0,1,0
"Food.Code63",0.0870113769896301,0.294790909508736,0.76815361118012,"None",0,47,1
"Food.Code64",-0.849845632466001,-5.32290732469422,1.0212177950667e-07,"1%",0,250,60
"Food.Code65",-0.405465108108164,-0.628143844468444,0.529909713237582,"None",0,11,1
"Food.Code66",-0.370678992022748,-2.51807008074983,0.0117999840064947,"5%",0.111111111111111,201,9
"Food.Code67",-1.05779029414786,-4.55669503074066,5.19647881823433e-06,"1%",0,104,4
"Food.Code68",-0.860201265223112,-4.14231249529567,3.43821434095776e-05,"1%",0,113,0
"Food.Code69",-0.336472236621213,-1.40756435209742,0.159260109379726,"None",0,73,0
"Food.Code70",0.0833816089390516,0.288591526059012,0.772893980946759,"None",0,53,4
"Food.Code71",-1.71653604799046,-7.5793743455317,3.47225305158441e-14,"1%",0,159,6
"Food.Code72",-0.787925586887233,-8.54247110299612,1.31381561463053e-17,"1%",0.0714285714285714,567,14
"Food.Code73",-0.159064694629687,-0.629277174130547,0.52916761224289,"None",0,66,3
"Food.Code74",0.682218110027758,5.33307351275706,9.65641953598517e-08,"1%",0,280,2
"Food.Code75",-1.83827948486295,-4.51753796181005,6.25628142987319e-06,"1%",0,51,0
"Food.Code76",-0.794616640724751,-16.3947696791862,2.08429159566753e-60,"1%",0.0340909090909091,2096,88
"Food.Code77",-0.785824295085256,-10.131894248564,3.98846831360838e-24,"1%",0.464285714285714,853,56
"Food.Code78",-0.604954468524484,-4.26922811808175,1.96150582216529e-05,"1%",0.1,230,10
"Food.Code79",-0.864997437486604,-4.10473125682268,4.04785167908363e-05,"1%",0.25,119,8
"Food.Code80",-1.34433016202086,-10.2296090365796,1.46108028386727e-24,"1%",0,369,9
"Food.Code81",-1.24703229378638,-10.9907749520382,4.23276024947316e-28,"1%",0,469,16
"Food.Code82",-0.39086630868701,-2.50758009296957,0.0121561028805479,"5%",0,172,1
"Food.Code83",-0.753771802376381,-3.04508881619934,0.00232611606412982,"10%",0,80,4
"Food.Code84",-0.944461608840855,-5.99714529561807,2.00816373112254e-09,"1%",0.166666666666667,209,6
"Food.Code85",0.318453731118535,0.685347569907024,0.4931246204798,"None",0,19,0
"Food.Code86",-0.352821374622742,-1.37870753450892,0.167984945514722,"None",0,66,1
"Food.Code87",-0.602763119091676,-4.36116278528941,1.29373066868408e-05,"1%",0,239,10
"Food.Code88",0.0713247808219302,0.822806935896338,0.410617791815661,"None",0.037037037037037,600,54
"Food.Code89",-0.22314355131421,-0.743811837714033,0.456990317552397,"None",0,46,0
"Food.Code90",-1.49392502531226,-4.47762336121896,7.54786132500836e-06,"1%",0.0833333333333333,75,12
"Food.Code91",-1.09861228866811,-1.90285230179269,0.0570598203643372,"None",0,16,0
"Food.Code92",-0.498991166118988,-1.62289370857284,0.104612128717793,"None",0,47,0
"Food.Code93",0.320167527596268,2.5090329943935,0.0121062175954038,"5%",0,269,8
"Food.Code94",0.336472236621213,0.812657657585165,0.416414364181193,"None",0,24,0
"Food.Code95",13.5660664933674,0.0506753212958486,0.959584242128972,"None",0,4,0
"Food.Code96",-1.79175946922806,-1.65884693056913,0.0971466407595113,"None",0,7,0
"Food.Code97",-1.22377543162212,-2.40546948827573,0.0161517006585019,"5%",0,23,1
"Food.Code98",-1.48160454092422,-2.99052034197444,0.00278502578934272,"10%",0.666666666666667,30,3
"Food.Code99",-1.07136264622071,-12.6104075648419,1.85033656642141e-36,"1%",0.0714285714285714,761,28
"Food.Code100",-1.75785791755238,-3.63018127263205,0.000283222243181157,"1%",0,35,1
"Food.Code101",-0.489548225318707,-1.68022764430048,0.0929130326879163,"None",0,51,1
"Food.Code102",-0.336472236621214,-0.812657657585168,0.416414364181192,"None",0,28,2
"Food.Code103",-0.769133087537867,-3.9193098254802,8.88028993220194e-05,"1%",0,125,3
"Food.Code104",-0.412927829309755,-7.40230814638182,1.33837479631037e-13,"1%",0.369565217391304,1465,92
"Food.Code105",0.340082348845313,2.31037419963247,0.0208674462111407,"5%",0,201,9
"Food.Code106",-0.492476485097792,-6.1713902878286,6.76920953872578e-10,"1%",0.177777777777778,731,45
"Food.Code107",-0.375675671306049,-7.29468608597716,2.99356215311899e-13,"1%",0.182608695652174,1826,115
"Food.Code108",-0.882733064224753,-43.9794710589991,0,"1%",0.187120291616039,14942,2469
"Food.Code109",0.51082562376599,0.6994767927207,0.484254111335149,"None",0,9,0
"Food.Code110",-1.50407739677627,-1.9240222706819,0.0543517919925068,"None",0,12,0
"Food.Code111",-0.0966268356890704,-0.581092269651001,0.561178268373786,"None",0.666666666666667,150,3
"Food.Code112",-0.693147180559946,-0.80037742256863,0.423492157921493,"None",0,6,0
"Food.Code113",-0.377294231141469,-2.01330142022627,0.0440829290537249,"5%",0,129,9
"Food.Code114",-0.672093771362112,-2.67889225136543,0.00738661589728366,"10%",0,72,1
"Food.Code115",-0.84156718567822,-3.51749710032338,0.000435637110168815,"1%",0.142857142857143,90,7
"Food.Code116",-0.791417401992752,-6.29704098710259,3.03381082352023e-10,"1%",0.0952380952380952,319,21
"Food.Code117",-13.5660664933747,-0.0253376606478456,0.979785634712498,"None",0,1,0
"Food.Code118",1.74296930505862,4.25421883107449,2.09780071356677e-05,"1%",0,51,3
"Food.Code119",13.5660664933682,0.0438861155871281,0.964995182794569,"None",0,3,0
"Food.Code120",-0.064887622205875,-0.62374086310274,0.532797782303483,"None",0.04,401,25
"Food.Code122",-0.709320039805544,-5.56999550981301,2.54745900482743e-08,"1%",0.5,293,8
"Food.Code123",-0.70725178674149,-7.67893321983827,1.60418828687973e-14,"1%",0.225806451612903,572,31
"Food.Code124",-1.66282578585217,-12.0044335244689,3.36761807936149e-33,"1%",0.210526315789474,419,19
"Food.Code125",-1.09861228866811,-3.00867366227951,0.00262390793209119,"10%",0.75,45,4
"Food.Code126",-0.287682072451781,-0.376664249454873,0.706423134097083,"None",0,7,0
"Food.Code127",-0.693147180559946,-2.40113226770589,0.0163444274958622,"5%",0.2,61,5
"Food.Code128",-0.693147180559946,-0.80037742256863,0.423492157921493,"None",0,6,0
"Food.Code129",-0.364643113587909,-1.40063299658437,0.16132384849762,"None",0.181818181818182,74,11
"Food.Code130",0.693147180559945,0.565952303006888,0.571426204958315,"None",0,5,1
"Food.Code132",-0.550920080967872,-5.04126710364869,4.62459439259523e-07,"1%",0.107142857142857,392,28
"Food.Code133",0.51082562376599,0.699476792720701,0.484254111335149,"None",0,8,0
"Food.Code135",-1.04731899428056,-4.02982366664942,5.58187093138827e-05,"1%",0,82,2
"Food.Code136",-0.385662480811985,-1.22680972609829,0.219894114377818,"None",0,43,1
"Food.Code138",0.320307299767858,2.41361945536164,0.0157949493818698,"5%",0.4,244,5
"Food.Code139",-1.98591548366901,-4.92698083752678,8.35099412160648e-07,"1%",0.333333333333333,65,3
"Food.Code140",-1.94591014905531,-1.8202322708028,0.0687236406488201,"None",0,8,0
"Food.Code141",0.34484048629173,1.53840754031887,0.123948999747971,"None",1,86,2
"Food.Code142",-0.405465108108164,-0.444164771984225,0.656923459709192,"None",0,6,1
"Food.Code143",0.154150679827258,0.391844189566494,0.695173342116271,"None",0,26,0
"Food.Code144",-1.9755419466617,-13.9772478953096,2.14628353807201e-44,"1%",0,497,21
"Food.Code145",-0.0886360727166284,-1.2968740389075,0.194674530391515,"None",0.0344827586206897,898,29
"Food.Code146",-1.09861228866811,-0.951426150896346,0.341388090434242,"None",0,5,1
"Food.Code147",-0.390866308687012,-1.44775204169054,0.147686409652701,"None",0,59,1
"Food.Code148",-0.2578291093021,-2.39528227427844,0.0166075743302149,"5%",0,372,11
"Food.Code149",-13.5660664933747,-0.0670371488783471,0.946552129175715,"None",0,7,0
"Food.Code150",-1.03857024770123,-10.6733540340124,1.35640018187355e-26,"1%",0.166666666666667,592,36
"Food.Code151",-0.941679965878995,-16.3691047411918,3.17855164436574e-60,"1%",0.266666666666667,1620,90
"Food.Code152",-0.716314239841479,-4.69690648888213,2.64131299061351e-06,"1%",0,207,6
"Food.Code153",-13.5660664933747,-0.0716657266539817,0.942867932169796,"None",0,8,0
"Food.Code154",-0.750966751448773,-4.01148072729897,6.03391035248409e-05,"1%",0,139,7
"Food.Code155",13.566066493368,0.0438861155871331,0.964995182794565,"None",0,3,0
"Food.Code156",-0.693147180559946,-0.565952303006889,0.571426204958314,"None",0,3,0
"Food.Code157",0.693147180559945,0.800377422568629,0.423492157921493,"None",0,8,1
"Food.Code158",-0.0750351859429143,-0.474230389134306,0.635335625004853,"None",0,164,1
"Food.Code159",-0.559615787935423,-1.26266350825866,0.20671013370754,"None",0,26,4
"Food.Code160",-1.14662150785447,-7.80145046136804,6.11996313034817e-15,"1%",0.0555555555555556,278,18
"Food.Code161",-1.20397280432594,-1.82896598375849,0.0674047042521895,"None",0,13,0
"Food.Code162",-13.5660664933746,-0.0253376606478463,0.979785634712498,"None",0,2,1
"Food.Code163",-1.02067516155894,-16.8102878220781,2.05172752060177e-63,"1%",0.181818181818182,1474,55
"Food.Code164",-1.56861591791385,-3.19086361540811,0.0014184822279207,"10%",0,32,3
"Food.Code165",0.22314355131421,0.576154172035676,0.564510978132912,"None",0,27,0
"Food.Code167",-2.484906649788,-3.37632327785777,0.00073461547777741,"1%",0,27,0
"Food.Code168",-0.182321556793955,-0.67326696790323,0.500777463502663,"None",0.25,59,4
"Food.Code1:Is_Industry1",0.116724274308593,0.115687820127181,0.907899959563758,"None",0.5,231,4
"Food.Code2:Is_Industry1",-0.623888740089877,-2.8199891934246,0.00480252667929507,"10%",0.131034482758621,949,145
"Food.Code3:Is_Industry1",-0.646166971635757,-0.76623341122651,0.443537431515964,"None",0,375,7
"Food.Code4:Is_Industry1",NA,NA,NA,"None",0,16,0
"Food.Code5:Is_Industry1",0.371379836941994,2.28523694362427,0.0222989380584084,"5%",0.235849056603774,2899,212
"Food.Code6:Is_Industry1",NA,NA,NA,"None",0,19,0
"Food.Code7:Is_Industry1",NA,NA,NA,"None",0,26,0
"Food.Code8:Is_Industry1",NA,NA,NA,"None",0,5,0
"Food.Code10:Is_Industry1",12.8729193128055,0.041643681101909,0.966782750942207,"None",0,13,4
"Food.Code11:Is_Industry1",NA,NA,NA,"None",0,10,0
"Food.Code12:Is_Industry1",-1.12442017262396,-1.36398902852638,0.172571018750071,"None",0,326,8
"Food.Code13:Is_Industry1",0.424207202643868,1.87254411202868,0.06113136505345,"None",0.398230088495575,637,113
"Food.Code14:Is_Industry1",0.22116139011021,0.219214909076768,0.82648264216036,"None",0,237,4
"Food.Code15:Is_Industry1",0.694634169681543,4.10585132981768,4.02828514823554e-05,"1%",0.0933333333333333,3942,150
"Food.Code16:Is_Industry1",0.231111720963386,0.671393821331486,0.501969679982733,"None",0.0476190476190476,246,42
"Food.Code17:Is_Industry1",-0.225847821843849,-0.598716944962461,0.549361655499269,"None",0.142857142857143,489,35
"Food.Code18:Is_Industry1",-11.9284577039753,-0.0222790536630826,0.982225357490854,"None",0,44,1
"Food.Code19:Is_Industry1",NA,NA,NA,"None",0,39,0
"Food.Code20:Is_Industry1",-12.5187474990934,-0.0618617377557113,0.950672937958374,"None",0,84,7
"Food.Code21:Is_Industry1",0.157619547199123,1.07700888387403,0.281476296839707,"None",0.147368421052632,3767,285
"Food.Code22:Is_Industry1",-1.20983792377833,-1.00652615463714,0.314162536759277,"None",0,41,4
"Food.Code23:Is_Industry1",-0.0917152088864571,-0.143846217010686,0.885621906460903,"None",0.0909090909090909,325,11
"Food.Code24:Is_Industry1",1.21875660051017,1.03993489261196,0.29837015018851,"None",0.5,109,4
"Food.Code25:Is_Industry1",1.69596840458637,2.06513363820882,0.0389103574121716,"5%",0.111111111111111,145,9
"Food.Code26:Is_Industry1",-0.962200433178229,-1.22245731499549,0.22153473628233,"None",0,240,12
"Food.Code27:Is_Industry1",1.16922985588206,2.07445855711202,0.0380367438314983,"5%",0.142857142857143,188,14
"Food.Code28:Is_Industry1",-8.42600032458327e-16,-6.6613381477503e-16,0.999999999999999,"None",0,27,5
"Food.Code29:Is_Industry1",0.560549059118434,1.45387815108174,0.145980091336038,"None",0.310344827586207,799,29
"Food.Code30:Is_Industry1",-0.470003629245736,-0.397620227367431,0.690910148043409,"None",0,75,4
"Food.Code31:Is_Industry1",NA,NA,NA,"None",0,48,0
"Food.Code32:Is_Industry1",2.17548459069981,3.31975323833043,0.000900970479077202,"1%",0,200,17
"Food.Code33:Is_Industry1",0.0224728558520701,0.0330402347565079,0.973642502447987,"None",0,333,9
"Food.Code34:Is_Industry1",-13.2432931011131,-0.024734805668827,0.980266492657764,"None",0,53,1
"Food.Code35:Is_Industry1",0.4322341768872,1.82793288369376,0.0675596251141016,"None",0.0574712643678161,1992,87
"Food.Code36:Is_Industry1",-0.768370601797532,-0.702531043602447,0.482348048913011,"None",0,181,7
"Food.Code37:Is_Industry1",0.367724780125318,0.89119175681286,0.372826305930041,"None",0.310344827586207,195,29
"Food.Code38:Is_Industry1",-12.6467951333627,-0.0668094640035349,0.946733389059895,"None",0,486,8
"Food.Code39:Is_Industry1",0.390866308687011,0.42086289369119,0.673855202276346,"None",0,144,5
"Food.Code40:Is_Industry1",0.390866308687012,0.436687817381187,0.662337765546913,"None",0,87,6
"Food.Code41:Is_Industry1",0.392886325901305,0.857371441471273,0.391239637183249,"None",0,523,21
"Food.Code42:Is_Industry1",NA,NA,NA,"None",0,17,0
"Food.Code43:Is_Industry1",-11.9413611088106,-0.0498713424662347,0.960224914275403,"None",0,84,5
"Food.Code44:Is_Industry1",NA,NA,NA,"None",0,25,0
"Food.Code45:Is_Industry1",NA,NA,NA,"None",0,11,0
"Food.Code46:Is_Industry1",0.479573080261894,1.04236001610679,0.297244796804025,"None",0,491,20
"Food.Code48:Is_Industry1",0.696092690789707,1.46794042726011,0.142120405537086,"None",0,349,19
"Food.Code49:Is_Industry1",0.808629989780021,2.27477307420991,0.0229195462646034,"5%",0.0338983050847458,215,59
"Food.Code50:Is_Industry1",NA,NA,NA,"None",0,5,0
"Food.Code51:Is_Industry1",-12.9907023484713,-0.0242630358628787,0.980642797553191,"None",0,52,1
"Food.Code52:Is_Industry1",NA,NA,NA,"None",0,50,0
"Food.Code53:Is_Industry1",13.1606013852575,0.0347618696348384,0.972269625866113,"None",0.5,38,2
"Food.Code54:Is_Industry1",13.9715316014761,0.02609493837805,0.979181614278612,"None",0,11,1
"Food.Code55:Is_Industry1",-0.0160003413464381,-0.0135368741211883,0.989199466998988,"None",0,88,4
"Food.Code56:Is_Industry1",-13.2406440929409,-0.024729855881899,0.98027044080863,"None",1,32,1
"Food.Code57:Is_Industry1",14.5614945458157,0.0271968430631424,0.978302733646895,"None",0,130,1
"Food.Code58:Is_Industry1",-0.0110800759770589,-0.0618141902665905,0.950710802900076,"None",0.0792682926829268,2437,164
"Food.Code59:Is_Industry1",2.29421684332352,2.072783803675,0.0381924044110571,"5%",0,186,6
"Food.Code60:Is_Industry1",NA,NA,NA,"None",0,5,0
"Food.Code61:Is_Industry1",NA,NA,NA,"None",0,50,1
"Food.Code62:Is_Industry1",NA,NA,NA,"None",0,1,0
"Food.Code63:Is_Industry1",-13.6530778703642,-0.0255001699630061,0.97965601292155,"None",0,47,1
"Food.Code64:Is_Industry1",1.39638933883407,4.47751462172675,7.55170568424617e-06,"1%",0,250,60
"Food.Code65:Is_Industry1",-13.1606013852663,-0.0245803460895588,0.980389696111908,"None",0,11,1
"Food.Code66:Is_Industry1",0.59382254333695,0.864644376358789,0.387234007965814,"None",0.111111111111111,201,9
"Food.Code67:Is_Industry1",-12.5082761992278,-0.0467239842328068,0.96273321456512,"None",0,104,4
"Food.Code68:Is_Industry1",NA,NA,NA,"None",0,113,0
"Food.Code69:Is_Industry1",NA,NA,NA,"None",0,73,0
"Food.Code70:Is_Industry1",13.482684884437,0.0503638243890224,0.95983246373949,"None",0,53,4
"Food.Code71:Is_Industry1",-11.8495304453865,-0.0542112107723052,0.956766888915571,"None",0,159,6
"Food.Code72:Is_Industry1",-1.00383388234081,-1.30484635705544,0.191945170354783,"None",0.0714285714285714,567,14
"Food.Code73:Is_Industry1",13.7251311879991,0.0444006737454548,0.964585024608848,"None",0,66,3
"Food.Code74:Is_Industry1",12.8838483833614,0.0340308778609644,0.972852527982766,"None",0,280,2
"Food.Code75:Is_Industry1",NA,NA,NA,"None",0,51,0
"Food.Code76:Is_Industry1",0.586977275946547,2.65648238228562,0.00789605766068305,"10%",0.0340909090909091,2096,88
"Food.Code77:Is_Industry1",0.968145851879207,3.43692928571843,0.000588349187644577,"1%",0.464285714285714,853,56
"Food.Code78:Is_Industry1",0.604954468524478,0.933376997856711,0.350625352473181,"None",0.1,230,10
"Food.Code79:Is_Industry1",1.96360972615472,2.32861453273014,0.0198794954754985,"5%",0.25,119,8
"Food.Code80:Is_Industry1",-12.2217363313549,-0.0684804524341209,0.945403180240062,"None",0,369,9
"Food.Code81:Is_Industry1",-1.46101790731583,-1.40616447995982,0.159675288966532,"None",0,469,16
"Food.Code82:Is_Industry1",13.9569328020536,0.0260676897175751,0.979203348170774,"None",0,172,1
"Food.Code83:Is_Industry1",-0.344840486291728,-0.292006283734341,0.770281819531838,"None",0,80,4
"Food.Code84:Is_Industry1",-0.664976303593253,-0.600860008024239,0.547933231755128,"None",0.166666666666667,209,6
"Food.Code85:Is_Industry1",NA,NA,NA,"None",0,19,0
"Food.Code86:Is_Industry1",-13.2132451187519,-0.0246786850703997,0.980311256752179,"None",0,66,1
"Food.Code87:Is_Industry1",1.45006097947888,2.06041740364871,0.0393586545365846,"5%",0,239,10
"Food.Code88:Is_Industry1",0.0770952242963429,0.269233130503336,0.787750286751482,"None",0.037037037037037,600,54
"Food.Code89:Is_Industry1",NA,NA,NA,"None",0,46,0
"Food.Code90:Is_Industry1",-12.0721414680627,-0.0781063784006948,0.937743433467252,"None",0.0833333333333333,75,12
"Food.Code91:Is_Industry1",NA,NA,NA,"None",0,16,0
"Food.Code92:Is_Industry1",NA,NA,NA,"None",0,47,0
"Food.Code93:Is_Industry1",0.190658096169723,0.257172974033526,0.797045246112463,"None",0,269,8
"Food.Code94:Is_Industry1",NA,NA,NA,"None",0,24,0
"Food.Code95:Is_Industry1",NA,NA,NA,"None",0,4,0
"Food.Code96:Is_Industry1",NA,NA,NA,"None",0,7,0
"Food.Code97:Is_Industry1",-12.3422910617531,-0.0230519761580374,0.981608812968459,"None",0,23,1
"Food.Code98:Is_Industry1",0.78845736036427,0.596793301574414,0.550645390682469,"None",0.666666666666667,30,3
"Food.Code99:Is_Industry1",0.155071914346574,0.363276707294695,0.716398191419195,"None",0.0714285714285714,761,28
"Food.Code100:Is_Industry1",-11.8082085758224,-0.0220544591561921,0.982404513958943,"None",0,35,1
"Food.Code101:Is_Industry1",-13.0765182680554,-0.0244233163264622,0.980514950132214,"None",0,51,1
"Food.Code102:Is_Industry1",0.336472236621213,0.228337089530244,0.819384192765422,"None",0,28,2
"Food.Code103:Is_Industry1",-12.7969334058396,-0.0413979679158718,0.966978632778372,"None",0,125,3
"Food.Code104:Is_Industry1",-0.518630374695171,-2.17756532998259,0.0294384130687174,"5%",0.369565217391304,1465,92
"Food.Code105:Is_Industry1",-1.03322952940525,-1.43054007556766,0.152562072318837,"None",0,201,9
"Food.Code106:Is_Industry1",-0.131677823975201,-0.399300674644063,0.689671670079856,"None",0.177777777777778,731,45
"Food.Code107:Is_Industry1",1.05557762511593,5.13231132940989,2.8620556918674e-07,"1%",0.182608695652174,1826,115
"Food.Code108:Is_Industry1",0.486428325514969,10.6205569812944,2.39130004159859e-26,"1%",0.187120291616039,14942,2469
"Food.Code109:Is_Industry1",NA,NA,NA,"None",0,9,0
"Food.Code110:Is_Industry1",NA,NA,NA,"None",0,12,0
"Food.Code111:Is_Industry1",0.78977401624902,0.638985225925368,0.522832543067745,"None",0.666666666666667,150,3
"Food.Code112:Is_Industry1",NA,NA,NA,"None",0,6,0
"Food.Code113:Is_Industry1",1.07044141170141,1.46331457095827,0.143381322479127,"None",0,129,9
"Food.Code114:Is_Industry1",14.2381602647259,0.0265929430324689,0.978784401914992,"None",0,72,1
"Food.Code115:Is_Industry1",-0.950192283549839,-0.858889125846919,0.390401689351431,"None",0.142857142857143,90,7
"Food.Code116:Is_Industry1",0.696107222188429,1.53109062073562,0.125746997558525,"None",0.0952380952380952,319,21
"Food.Code117:Is_Industry1",NA,NA,NA,"None",0,1,0
"Food.Code118:Is_Industry1",11.8230971883199,0.0382475903622194,0.969490277011316,"None",0,51,3
"Food.Code119:Is_Industry1",NA,NA,NA,"None",0,3,0
"Food.Code120:Is_Industry1",-0.271584614415341,-0.636166040658868,0.524668204807003,"None",0.04,401,25
"Food.Code122:Is_Industry1",0.709320039805542,0.987247429597241,0.323521355420823,"None",0.5,293,8
"Food.Code123:Is_Industry1",0.642713265603908,1.73232661825555,0.0832154252325764,"None",0.225806451612903,572,31
"Food.Code124:Is_Industry1",-0.011150647719514,-0.0173087353139373,0.986190316875259,"None",0.210526315789474,419,19
"Food.Code125:Is_Industry1",1.09861228866811,1.03196655247293,0.302087786620938,"None",0.75,45,4
"Food.Code126:Is_Industry1",NA,NA,NA,"None",0,7,0
"Food.Code127:Is_Industry1",0.28768207245178,0.300474124997299,0.76381553036064,"None",0.2,61,5
"Food.Code128:Is_Industry1",NA,NA,NA,"None",0,6,0
"Food.Code129:Is_Industry1",0.54696467038186,0.829835770245464,0.406631643675276,"None",0.181818181818182,74,11
"Food.Code130:Is_Industry1",-14.2592136739347,-0.0266321982205735,0.978753091895768,"None",0,5,1
"Food.Code132:Is_Industry1",-0.365370650906286,-0.845044451745659,0.398086020735453,"None",0.107142857142857,392,28
"Food.Code133:Is_Industry1",NA,NA,NA,"None",0,8,0
"Food.Code135:Is_Industry1",1.04731899428056,0.728369269754487,0.466387569424818,"None",0,82,2
"Food.Code136:Is_Industry1",13.9517289741893,0.0260579670192617,0.979211103127341,"None",0,43,1
"Food.Code138:Is_Industry1",1.06598706135203,0.946801309651502,0.343740034309991,"None",0.4,244,5
"Food.Code139:Is_Industry1",1.29276830310907,1.00263864945693,0.31603524073341,"None",0.333333333333333,65,3
"Food.Code140:Is_Industry1",NA,NA,NA,"None",0,8,0
"Food.Code141:Is_Industry1",13.2212260070793,0.0349220093917375,0.972141930358844,"None",1,86,2
"Food.Code142:Is_Industry1",-13.1606013852663,-0.0245803282258859,0.980389710360751,"None",0,6,1
"Food.Code143:Is_Industry1",NA,NA,NA,"None",0,26,0
"Food.Code144:Is_Industry1",-0.968897032504777,-0.935528457857885,0.34951602455305,"None",0,497,21
"Food.Code145:Is_Industry1",0.157628944203586,0.417179495239739,0.676547122075002,"None",0.0344827586206897,898,29
"Food.Code146:Is_Industry1",14.6646787820352,0.0273895008960002,0.978149072179975,"None",0,5,1
"Food.Code147:Is_Industry1",NA,NA,NA,"None",0,59,1
"Food.Code148:Is_Industry1",0.257829109302107,0.401884644313095,0.687768924239116,"None",0,372,11
"Food.Code149:Is_Industry1",NA,NA,NA,"None",0,7,0
"Food.Code150:Is_Industry1",0.432434444130921,1.16299561078305,0.244831283248838,"None",0.166666666666667,592,36
"Food.Code151:Is_Industry1",0.460707305262668,2.04198824303247,0.0411526975699777,"5%",0.266666666666667,1620,90
"Food.Code152:Is_Industry1",1.40946142040145,1.60284238017426,0.108969457540621,"None",0,207,6
"Food.Code153:Is_Industry1",NA,NA,NA,"None",0,8,0
"Food.Code154:Is_Industry1",1.03864882390055,1.32081329964204,0.186563624048585,"None",0,139,7
"Food.Code155:Is_Industry1",NA,NA,NA,"None",0,3,0
"Food.Code156:Is_Industry1",NA,NA,NA,"None",0,3,0
"Food.Code157:Is_Industry1",-14.2592136739345,-0.0266322330592789,0.978753064108359,"None",0,8,1
"Food.Code158:Is_Industry1",-13.4910313074267,-0.0251975145704837,0.979897419413568,"None",0,164,1
"Food.Code159:Is_Industry1",-13.0064507054396,-0.04858483964188,0.961250151909847,"None",0,26,4
"Food.Code160:Is_Industry1",0.191110062827032,0.349778659303452,0.726504816001373,"None",0.0555555555555556,278,18
"Food.Code161:Is_Industry1",NA,NA,NA,"None",0,13,0
"Food.Code162:Is_Industry1",27.132132986751,0.0358328633269771,0.97141562874022,"None",0,2,1
"Food.Code163:Is_Industry1",0.690433474688303,2.46560033313662,0.0136783860974978,"5%",0.181818181818182,1474,55
"Food.Code164:Is_Industry1",0.875468737353904,0.663373505427941,0.507091370145039,"None",0,32,3
"Food.Code165:Is_Industry1",NA,NA,NA,"None",0,27,0
"Food.Code167:Is_Industry1",NA,NA,NA,"None",0,27,0
"Food.Code168:Is_Industry1",13.7483880501706,0.0513563475179042,0.959041568476438,"None",0.25,59,4
