"","Covariate","Top 100 Companies","T_Value","P_Value","Significance","Industry_Concentration"
"1","Food.Code1",0.696326833477326,7.12766426902323,1.02086405616457e-12,"1%",0.5
"2","Food.Code2",0.098016541402063,2.36178047758588,0.0181874082809724,"5%",0.131034482758621
"3","Food.Code3",0.969400557188101,11.2873780598286,1.51488400225025e-29,"1%",0
"4","Food.Code4",0.310154928303839,1.10496617163469,0.269174247542692,"None",0
"5","Food.Code5",0.0429485832672974,1.73981161640375,0.0818921020584367,"None",0.235849056603774
"6","Food.Code6",0.847297860387203,2.12670075106147,0.0334449550819933,"5%",0
"7","Food.Code7",1.00330210886378,2.84640547882237,0.0044215853603048,"10%",0
"8","Food.Code8",1.20397280432594,1.82896598375849,0.0674047042521892,"None",0
"9","Food.Code10",0.367724780125317,0.848016861121793,0.396428580594145,"None",0
"10","Food.Code11",0.606135803570315,1.19431103487494,0.232356322685125,"None",0
"11","Food.Code12",0.775212133614257,9.6854864077545,3.47550185485011e-22,"1%",0
"12","Food.Code13",0.643330571849939,11.207609881115,3.74160685130877e-29,"1%",0.398230088495575
"13","Food.Code14",0.966843011036988,8.55232067113921,1.20638062984119e-17,"1%",0
"14","Food.Code15",0.350708359013978,14.73663477222,3.75011522216586e-49,"1%",0.0933333333333333
"15","Food.Code16",0.23679046515539,2.8654357547023,0.00416435763034179,"10%",0.0476190476190476
"16","Food.Code17",0.386137615442401,6.69537511143788,2.15119098365388e-11,"1%",0.142857142857143
"17","Food.Code18",0.325422400434626,1.54858537496951,0.121481423879864,"None",0
"18","Food.Code19",0.405465108108165,1.47312789376544,0.140716553349061,"None",0
"19","Food.Code20",0.424883193965265,3.04601096371546,0.00231899378995494,"10%",0
"20","Food.Code21",-0.0686905908568614,-3.19794523826812,0.0013841056163545,"10%",0.147368421052632
"21","Food.Code22",-0.178248231406319,-0.842158706915064,0.399699123932036,"None",0
"22","Food.Code23",0.491189649249137,5.68600584106017,1.30044948845802e-08,"1%",0.0909090909090909
"23","Food.Code24",1.02310473615997,6.50751964416866,7.64017633787337e-11,"1%",0.5
"24","Food.Code25",0.630089044592806,4.82854911764152,1.37531413436211e-06,"1%",0.111111111111111
"25","Food.Code26",0.315240016515439,3.12529660169858,0.0017762586151148,"10%",0
"26","Food.Code27",0.142174488780543,1.52905021445728,0.126251996009379,"None",0.142857142857143
"27","Food.Code28",0,0,1,"None",0
"28","Food.Code29",0.289633292583026,6.07003999267354,1.27878400757355e-09,"1%",0.310344827586207
"29","Food.Code30",0.662375521893191,3.09076057965206,0.00199644541355071,"10%",0
"30","Food.Code31",-1.06471073699243,-2.90334288543316,0.00369202168933975,"10%",0
"31","Food.Code32",0.120952610417662,1.27627806323619,0.201857241921104,"None",0
"32","Food.Code33",0.874464216927891,9.46450861577692,2.94944531632329e-21,"1%",0
"33","Food.Code34",1.00215202248055,4.61566493051691,3.91838709751955e-06,"1%",0
"34","Food.Code35",-0.0208246547647168,-0.692049451050121,0.488906274518216,"None",0.0574712643678161
"35","Food.Code36",-0.345092979665118,-3.39167727054256,0.000694662100481913,"1%",0
"36","Food.Code37",0.441343395773066,4.1601747410446,3.18004198147697e-05,"1%",0.310344827586207
"37","Food.Code38",0.205049807871506,3.1747734166103,0.00149953543996497,"10%",0
"38","Food.Code39",0.32016752759627,2.50903299439351,0.0121062175954033,"5%",0
"39","Food.Code40",1.09024403899759,5.96524980226919,2.44260062077398e-09,"1%",0
"40","Food.Code41",1.1968825101009,14.2276274572313,6.1741128671328e-46,"1%",0
"41","Food.Code42",1.77885606439215,5.93248423392815,2.98385050029965e-09,"1%",0
"42","Food.Code43",0.168622712435792,1.22899811503804,0.219072512751765,"None",0
"43","Food.Code44",-0.0350913198112702,-0.132446439991804,0.894631184389867,"None",0
"44","Food.Code45",0.646627164925052,1.7373405096475,0.0823270851703884,"None",0
"45","Food.Code46",0.469643333799574,6.8624014782803,6.77124377051731e-12,"1%",0
"46","Food.Code48",0.449267730766554,5.74649521021431,9.11122106982589e-09,"1%",0
"47","Food.Code49",1.180529411136,9.35032388772289,8.7379733607234e-21,"1%",0.0338983050847458
"48","Food.Code50",0.955511445027436,1.81575111336875,0.0694085594738479,"None",0
"49","Food.Code51",0.647684806483187,3.52033135702398,0.000431007980944414,"1%",0
"50","Food.Code52",1.05416052609727,4.35359105504765,1.339254314226e-05,"1%",0
"51","Food.Code53",-0.117783035656383,-0.542012787771644,0.587809696542938,"None",0.5
"52","Food.Code54",1.23214368129263,2.86836984515648,0.00412592917565576,"10%",0
"53","Food.Code55",0.471714493649364,3.16269113174434,0.0015631808445,"10%",0
"54","Food.Code56",-0.465363249689234,-1.89521800397473,0.0580635258992289,"None",1
"55","Food.Code57",0.509184934308529,4.44489799747809,8.79335781768362e-06,"1%",0
"56","Food.Code58",0.17062551703074,5.70978806032056,1.13116948268123e-08,"1%",0.0792682926829268
"57","Food.Code59",0.501190311782318,4.77894611850419,1.76216405532662e-06,"1%",0
"58","Food.Code60",-11.5660535223737,-0.0587205656293123,0.953174678597291,"None",0
"59","Food.Code61",-0.51082562376599,-2.31990207101576,0.0203461755250981,"5%",0
"60","Food.Code62",0.693147180559945,0.565952303006888,0.571426204958315,"None",0
"61","Food.Code63",-0.125163142954006,-0.499673777973055,0.617304799111485,"None",0
"62","Food.Code64",0.492155303145463,5.09959888080239,3.40374021364629e-07,"1%",0
"63","Food.Code65",0.470003629245736,1.16593550818919,0.243640521245885,"None",0
"64","Food.Code66",0.512008356015039,5.26328254160056,1.41505857019217e-07,"1%",0.111111111111111
"65","Food.Code67",0.138836444854216,1.20545008975545,0.228029594549815,"None",0
"66","Food.Code68",-0.281851152140988,-1.39537671036107,0.162902270629094,"None",0
"67","Food.Code69",0.888891757686041,4.55165289214069,5.32260971087567e-06,"1%",0
"68","Food.Code70",0.693147180559944,2.8858018367949,0.00390417893242399,"10%",0
"69","Food.Code71",0.312872321280339,2.88293080300561,0.00393993979519807,"10%",0
"70","Food.Code72",0.330765658588106,5.51087829593798,3.57047546409238e-08,"1%",0.0714285714285714
"71","Food.Code73",-0.0845573880280631,-0.35592845167671,0.721894147891551,"None",0
"72","Food.Code74",1.34866329290225,11.2727736040386,1.78845721484551e-29,"1%",0
"73","Food.Code75",1.02751636698438,5.14156291404305,2.72462383733475e-07,"1%",0
"74","Food.Code76",0.152696410025257,5.32611629659634,1.0033490405725e-07,"1%",0.0340909090909091
"75","Food.Code77",0.040651767266465,0.890219731101314,0.373347911940872,"None",0.464285714285714
"76","Food.Code78",0.747911265969925,7.57155290684551,3.68788814812749e-14,"1%",0.1
"77","Food.Code79",-0.284251537354992,-1.83453355071097,0.0665748322213666,"None",0.25
"78","Food.Code80",0.31229625674519,4.18506811726542,2.85080600531852e-05,"1%",0
"79","Food.Code81",-0.269205796284209,-4.23718626892523,2.2633835793691e-05,"1%",0
"80","Food.Code82",0.335472736288128,3.06332579240391,0.0021889161079669,"10%",0
"81","Food.Code83",1.03942341727778,4.81101745530859,1.50163900638518e-06,"1%",0
"82","Food.Code84",0.0217873541849094,0.233375398115292,0.81546991524532,"None",0.166666666666667
"83","Food.Code85",1.44691898293633,2.60368849113587,0.00922265388674392,"10%",0
"84","Food.Code86",0.751741344826,4.71949686151651,2.36428693632463e-06,"1%",0
"85","Food.Code87",0.279713902802604,2.90190171549455,0.00370904888312502,"10%",0
"86","Food.Code88",1.13497993283898,15.673522331933,2.29500436025813e-55,"1%",0.037037037037037
"87","Food.Code89",0.890972923889865,4.24414735709147,2.19426132770652e-05,"1%",0
"88","Food.Code90",0.434452644981417,2.79105567615722,0.00525364343835512,"10%",0.0833333333333333
"89","Food.Code91",0.693147180559945,0.980258143468547,0.326958710257475,"None",0
"90","Food.Code92",0.117783035656384,0.685597972118346,0.492966660666193,"None",0
"91","Food.Code93",0.653141845946245,6.55198852865556,5.67759043253016e-11,"1%",0
"92","Food.Code94",0.769133087537866,2.77137055516811,0.00558208618668944,"10%",0
"93","Food.Code95",1.20397280432594,1.82896598375849,0.0674047042521892,"None",0
"94","Food.Code96",1.17865499634165,2.06140778882181,0.0392641524091664,"5%",0
"95","Food.Code97",0.80437281567017,2.7567177280784,0.00583847282475312,"10%",0
"96","Food.Code98",1.41098697371026,4.00064342470111,6.3170485762431e-05,"1%",0.666666666666667
"97","Food.Code99",0.748961959666341,11.2277683663354,2.97907842599313e-29,"1%",0.0714285714285714
"98","Food.Code100",1.07044141170141,3.19991629768134,0.00137467503670666,"10%",0
"99","Food.Code101",0.111225635110224,0.577052773116136,0.56390380617547,"None",0
"100","Food.Code102",0.189241999638528,0.685779049644001,0.492852449446573,"None",0
"101","Food.Code103",0.395514777254997,3.07278497053404,0.00212071240357791,"10%",0
"102","Food.Code104",0.357104036414785,10.2414687931636,1.2925894480734e-24,"1%",0.369565217391304
"103","Food.Code105",0.323171957433729,3.23747976584609,0.00120590490893736,"10%",0
"104","Food.Code106",0.414198788076936,8.40560758702677,4.25652142999115e-17,"1%",0.177777777777778
"105","Food.Code107",0.646249164542525,19.4889323866333,1.36294964937048e-84,"1%",0.182608695652174
"106","Food.Code108",0.116141772322676,10.8612585691632,1.76302434570774e-27,"1%",0.187120291616039
"107","Food.Code109",0.693147180559945,1.60075484513726,0.109431228391691,"None",0
"108","Food.Code110",-0.22314355131421,-0.576154172035677,0.564510978132912,"None",0
"109","Food.Code111",0.558279782392679,4.60564995945242,4.11179547671125e-06,"1%",0.666666666666667
"110","Food.Code112",0.405465108108164,0.628143844468444,0.529909713237582,"None",0
"111","Food.Code113",1.05108714680526,8.04186116037945,8.84841147162193e-16,"1%",0
"112","Food.Code114",0.838329190404445,3.96234699002779,7.42165707139098e-05,"1%",0
"113","Food.Code115",-0.464781685264585,-3.99002960880927,6.60650476213944e-05,"1%",0.142857142857143
"114","Food.Code116",-0.157675759587119,-2.44272870417359,0.0145766904129422,"5%",0.0952380952380952
"115","Food.Code117",2.77555756156289e-17,2.77555756156289e-17,1,"None",0
"116","Food.Code118",0.0822380982369717,0.351024515909491,0.725569956208766,"None",0
"117","Food.Code119",-0.693147180559946,-0.800377422568629,0.423492157921493,"None",0
"118","Food.Code120",0.628338717458258,7.97450287602779,1.52995383066527e-15,"1%",0.04
"119","Food.Code122",0.599727105274039,6.55419322606796,5.5943491496688e-11,"1%",0.5
"120","Food.Code123",0.273070725270711,4.98126297110362,6.31706262424495e-07,"1%",0.225806451612903
"121","Food.Code124",0.184623053782232,2.84208524746889,0.00448195054653651,"10%",0.210526315789474
"122","Food.Code125",-0.0250013022054176,-0.158109765105496,0.874370305960596,"None",0.75
"123","Food.Code126",0.22314355131421,0.470427911554374,0.638049326627154,"None",0
"124","Food.Code127",0.50788011353623,3.30914348512502,0.000935818644067227,"1%",0.2
"125","Food.Code128",-11.5660535223737,-0.0830434203031931,0.933817014415155,"None",0
"126","Food.Code129",0.0885533973414447,0.470206784860385,0.638207287167151,"None",0.181818181818182
"127","Food.Code130",-0.693147180559945,-1.38629436111989,0.165657038003397,"None",0
"128","Food.Code132",0.844914069031943,9.48074344915846,2.52477760338055e-21,"1%",0.107142857142857
"129","Food.Code133",4.96506830649455e-17,1.11022302462516e-16,1,"None",0
"130","Food.Code134",-11.5660535223737,-0.0587205656293123,0.953174678597291,"None",0
"131","Food.Code135",-0.225246601510989,-1.63714310660211,0.101600571409592,"None",0
"132","Food.Code136",0.428454626332863,2.18623973406202,0.0287980706793327,"5%",0
"133","Food.Code138",0.809406986675818,8.1356288506101,4.09805509694168e-16,"1%",0.4
"134","Food.Code139",0.525266307920785,3.08795886295953,0.00201536366820809,"10%",0.333333333333333
"135","Food.Code140",1.09861228866811,2.33050859763628,0.0197792861444462,"5%",0
"136","Food.Code141",0.607989372219642,3.42458446608976,0.000615740405712148,"1%",1
"137","Food.Code142",0.117783035656383,0.242395487626312,0.808473730495038,"None",0
"138","Food.Code143",0.296265816143172,1.20825441446317,0.226949417047308,"None",0
"139","Food.Code144",0.412724668120971,6.12499558000605,9.0686123939271e-10,"1%",0
"140","Food.Code145",0.464059272374222,9.59299065983442,8.55680646590229e-22,"1%",0.0344827586206897
"141","Food.Code146",1.6094379124341,2.07777541053737,0.0377300496349948,"5%",0
"142","Food.Code147",0.8754687373539,4.93415810474991,8.04972155945565e-07,"1%",0
"143","Food.Code148",0.660828389304794,9.02758689031519,1.7549894776611e-19,"1%",0
"144","Food.Code149",-0.182321556793955,-0.301094141447358,0.763342708313776,"None",0
"145","Food.Code150",-0.0217399866364069,-0.390087066853731,0.6964721659688,"None",0.166666666666667
"146","Food.Code151",0.0344352764198185,1.09772333283621,0.272325317959529,"None",0.266666666666667
"147","Food.Code152",-0.127561225638018,-1.12790043020266,0.259361972180863,"None",0
"148","Food.Code153",-0.336472236621213,-0.574635740461646,0.565537675127629,"None",0
"149","Food.Code154",0.385662480811982,3.00505784042438,0.00265530349766303,"10%",0
"150","Food.Code155",0.693147180559945,1.13190460601378,0.257674542029135,"None",0
"151","Food.Code156",-0.693147180559945,-0.565952303006888,0.571426204958315,"None",0
"152","Food.Code157",0.305381649551182,0.867015347121721,0.385933600839049,"None",0
"153","Food.Code158",0.409784769252681,2.78773517757861,0.00530779130435667,"10%",0
"154","Food.Code159",0.84267891453091,3.92274980911365,8.75440471723656e-05,"1%",0
"155","Food.Code160",0.423736874344122,5.04991643622692,4.42003373607727e-07,"1%",0.0555555555555556
"156","Food.Code161",0.65058756614115,1.82694838472731,0.0677075303771573,"None",0
"157","Food.Code162",1.09861228866811,0.951426150896346,0.341388090434242,"None",0
"158","Food.Code163",0.41200107908793,11.1614466721392,6.29586330826125e-29,"1%",0.181818181818182
"159","Food.Code164",0.556287997842749,2.90819514964595,0.0036352141028998,"10%",0
"160","Food.Code165",0.476924072090309,1.58940862695387,0.111968168180807,"None",0
"161","Food.Code166",-11.5660535223737,-0.0830434203031931,0.933817014415155,"None",0
"162","Food.Code167",0.762140052046897,2.35468649115825,0.0185383388343803,"5%",0
"163","Food.Code168",0.0444517625708341,0.258177633035968,0.796269819156225,"None",0.25
"164","Food.Code1:Is_Industry_Top1001",10.8697266884961,0.078043825251612,0.937793191771395,"None",0.5
"165","Food.Code2:Is_Industry_Top1001",0.220437189716506,0.472524198109869,0.636552673835643,"None",0.131034482758621
"166","Food.Code3:Is_Industry_Top1001",NA,NA,NA,"None",0
"167","Food.Code4:Is_Industry_Top1001",NA,NA,NA,"None",0
"168","Food.Code5:Is_Industry_Top1001",0.446599642051369,1.52734720850427,0.126674696274213,"None",0.235849056603774
"169","Food.Code6:Is_Industry_Top1001",NA,NA,NA,"None",0
"170","Food.Code7:Is_Industry_Top1001",NA,NA,NA,"None",0
"171","Food.Code8:Is_Industry_Top1001",NA,NA,NA,"None",0
"172","Food.Code10:Is_Industry_Top1001",NA,NA,NA,"None",0
"173","Food.Code11:Is_Industry_Top1001",NA,NA,NA,"None",0
"174","Food.Code12:Is_Industry_Top1001",NA,NA,NA,"None",0
"175","Food.Code13:Is_Industry_Top1001",-0.298490085558218,-0.926536243876674,0.354167370688408,"None",0.398230088495575
"176","Food.Code14:Is_Industry_Top1001",NA,NA,NA,"None",0
"177","Food.Code15:Is_Industry_Top1001",0.565582372860154,0.955236136766115,0.339458295129198,"None",0.0933333333333333
"178","Food.Code16:Is_Industry_Top1001",-0.236790465155401,-0.167151024814988,0.867251218711623,"None",0.0476190476190476
"179","Food.Code17:Is_Industry_Top1001",0.0193274926657862,0.0211300810498382,0.983141889040299,"None",0.142857142857143
"180","Food.Code18:Is_Industry_Top1001",NA,NA,NA,"None",0
"181","Food.Code19:Is_Industry_Top1001",NA,NA,NA,"None",0
"182","Food.Code20:Is_Industry_Top1001",NA,NA,NA,"None",0
"183","Food.Code21:Is_Industry_Top1001",0.413531077148448,1.30152230486637,0.193079734819951,"None",0.147368421052632
"184","Food.Code22:Is_Industry_Top1001",NA,NA,NA,"None",0
"185","Food.Code23:Is_Industry_Top1001",NA,NA,NA,"None",0.0909090909090909
"186","Food.Code24:Is_Industry_Top1001",-1.02310473615996,-0.719014830526685,0.472131781966678,"None",0.5
"187","Food.Code25:Is_Industry_Top1001",-12.1961425669667,-0.0619194984248762,0.950626939793452,"None",0.111111111111111
"188","Food.Code26:Is_Industry_Top1001",NA,NA,NA,"None",0
"189","Food.Code27:Is_Industry_Top1001",11.4238790335905,0.0820225995699002,0.934628742147206,"None",0.142857142857143
"190","Food.Code28:Is_Industry_Top1001",NA,NA,NA,"None",0
"191","Food.Code29:Is_Industry_Top1001",-0.289633292583046,-0.408673942061955,0.68277895921088,"None",0.310344827586207
"192","Food.Code30:Is_Industry_Top1001",NA,NA,NA,"None",0
"193","Food.Code31:Is_Industry_Top1001",NA,NA,NA,"None",0
"194","Food.Code32:Is_Industry_Top1001",NA,NA,NA,"None",0
"195","Food.Code33:Is_Industry_Top1001",NA,NA,NA,"None",0
"196","Food.Code34:Is_Industry_Top1001",NA,NA,NA,"None",0
"197","Food.Code35:Is_Industry_Top1001",0.426289762872918,0.466723540401613,0.640697685382791,"None",0.0574712643678161
"198","Food.Code36:Is_Industry_Top1001",NA,NA,NA,"None",0
"199","Food.Code37:Is_Industry_Top1001",-0.218199844458855,-0.321280288302625,0.747997992904014,"None",0.310344827586207
"200","Food.Code38:Is_Industry_Top1001",NA,NA,NA,"None",0
"201","Food.Code39:Is_Industry_Top1001",NA,NA,NA,"None",0
"202","Food.Code40:Is_Industry_Top1001",NA,NA,NA,"None",0
"203","Food.Code41:Is_Industry_Top1001",NA,NA,NA,"None",0
"204","Food.Code42:Is_Industry_Top1001",NA,NA,NA,"None",0
"205","Food.Code43:Is_Industry_Top1001",NA,NA,NA,"None",0
"206","Food.Code44:Is_Industry_Top1001",NA,NA,NA,"None",0
"207","Food.Code45:Is_Industry_Top1001",NA,NA,NA,"None",0
"208","Food.Code46:Is_Industry_Top1001",NA,NA,NA,"None",0
"209","Food.Code48:Is_Industry_Top1001",NA,NA,NA,"None",0
"210","Food.Code49:Is_Industry_Top1001",10.385524111235,0.0527270363831709,0.957949397064914,"None",0.0338983050847458
"211","Food.Code50:Is_Industry_Top1001",NA,NA,NA,"None",0
"212","Food.Code51:Is_Industry_Top1001",NA,NA,NA,"None",0
"213","Food.Code52:Is_Industry_Top1001",NA,NA,NA,"None",0
"214","Food.Code53:Is_Industry_Top1001",11.6838365580288,0.0593185110666905,0.952698417376204,"None",0.5
"215","Food.Code54:Is_Industry_Top1001",NA,NA,NA,"None",0
"216","Food.Code55:Is_Industry_Top1001",NA,NA,NA,"None",0
"217","Food.Code56:Is_Industry_Top1001",12.0314167720646,0.0610831557917069,0.951292983829876,"None",1
"218","Food.Code57:Is_Industry_Top1001",NA,NA,NA,"None",0
"219","Food.Code58:Is_Industry_Top1001",-0.0164748372034911,-0.0295698091389303,0.976410143596906,"None",0.0792682926829268
"220","Food.Code59:Is_Industry_Top1001",NA,NA,NA,"None",0
"221","Food.Code60:Is_Industry_Top1001",NA,NA,NA,"None",0
"222","Food.Code61:Is_Industry_Top1001",NA,NA,NA,"None",0
"223","Food.Code62:Is_Industry_Top1001",NA,NA,NA,"None",0
"224","Food.Code63:Is_Industry_Top1001",NA,NA,NA,"None",0
"225","Food.Code64:Is_Industry_Top1001",NA,NA,NA,"None",0
"226","Food.Code65:Is_Industry_Top1001",NA,NA,NA,"None",0
"227","Food.Code66:Is_Industry_Top1001",NA,NA,NA,"None",0.111111111111111
"228","Food.Code67:Is_Industry_Top1001",NA,NA,NA,"None",0
"229","Food.Code68:Is_Industry_Top1001",NA,NA,NA,"None",0
"230","Food.Code69:Is_Industry_Top1001",NA,NA,NA,"None",0
"231","Food.Code70:Is_Industry_Top1001",NA,NA,NA,"None",0
"232","Food.Code71:Is_Industry_Top1001",NA,NA,NA,"None",0
"233","Food.Code72:Is_Industry_Top1001",NA,NA,NA,"None",0.0714285714285714
"234","Food.Code73:Is_Industry_Top1001",NA,NA,NA,"None",0
"235","Food.Code74:Is_Industry_Top1001",NA,NA,NA,"None",0
"236","Food.Code75:Is_Industry_Top1001",NA,NA,NA,"None",0
"237","Food.Code76:Is_Industry_Top1001",0.540450770534653,0.441155356154154,0.65910053063497,"None",0.0340909090909091
"238","Food.Code77:Is_Industry_Top1001",1.28110407271589,2.2691227435969,0.0232608626526022,"5%",0.464285714285714
"239","Food.Code78:Is_Industry_Top1001",10.8181422564035,0.0549234318552965,0.956199464130622,"None",0.1
"240","Food.Code79:Is_Industry_Top1001",0.284251537354986,0.199800568526883,0.841636556672405,"None",0.25
"241","Food.Code80:Is_Industry_Top1001",NA,NA,NA,"None",0
"242","Food.Code81:Is_Industry_Top1001",NA,NA,NA,"None",0
"243","Food.Code82:Is_Industry_Top1001",NA,NA,NA,"None",0
"244","Food.Code83:Is_Industry_Top1001",NA,NA,NA,"None",0
"245","Food.Code84:Is_Industry_Top1001",11.5442661681861,0.0586099451914921,0.953262789184926,"None",0.166666666666667
"246","Food.Code85:Is_Industry_Top1001",NA,NA,NA,"None",0
"247","Food.Code86:Is_Industry_Top1001",NA,NA,NA,"None",0
"248","Food.Code87:Is_Industry_Top1001",NA,NA,NA,"None",0
"249","Food.Code88:Is_Industry_Top1001",10.4310735895316,0.0748943370832418,0.940298782257326,"None",0.037037037037037
"250","Food.Code89:Is_Industry_Top1001",NA,NA,NA,"None",0
"251","Food.Code90:Is_Industry_Top1001",11.1316008773945,0.0565148427249027,0.954931671638113,"None",0.0833333333333333
"252","Food.Code91:Is_Industry_Top1001",NA,NA,NA,"None",0
"253","Food.Code92:Is_Industry_Top1001",NA,NA,NA,"None",0
"254","Food.Code93:Is_Industry_Top1001",NA,NA,NA,"None",0
"255","Food.Code94:Is_Industry_Top1001",NA,NA,NA,"None",0
"256","Food.Code95:Is_Industry_Top1001",NA,NA,NA,"None",0
"257","Food.Code96:Is_Industry_Top1001",NA,NA,NA,"None",0
"258","Food.Code97:Is_Industry_Top1001",NA,NA,NA,"None",0
"259","Food.Code98:Is_Industry_Top1001",10.1550665486644,0.0729124030186844,0.941875824033833,"None",0.666666666666667
"260","Food.Code99:Is_Industry_Top1001",-0.748961959666315,-0.529007923277594,0.596799953495947,"None",0.0714285714285714
"261","Food.Code100:Is_Industry_Top1001",NA,NA,NA,"None",0
"262","Food.Code101:Is_Industry_Top1001",NA,NA,NA,"None",0
"263","Food.Code102:Is_Industry_Top1001",NA,NA,NA,"None",0
"264","Food.Code103:Is_Industry_Top1001",NA,NA,NA,"None",0
"265","Food.Code104:Is_Industry_Top1001",-0.162948021973873,-0.449406361069464,0.653138543410166,"None",0.369565217391304
"266","Food.Code105:Is_Industry_Top1001",NA,NA,NA,"None",0
"267","Food.Code106:Is_Industry_Top1001",1.53171136097838,1.43126511981167,0.152354246519114,"None",0.177777777777778
"268","Food.Code107:Is_Industry_Top1001",0.532405831799151,0.929588811404721,0.352584022652983,"None",0.182608695652174
"269","Food.Code108:Is_Industry_Top1001",0.257448127255001,2.56867226649098,0.0102088956697632,"5%",0.187120291616039
"270","Food.Code109:Is_Industry_Top1001",NA,NA,NA,"None",0
"271","Food.Code110:Is_Industry_Top1001",NA,NA,NA,"None",0
"272","Food.Code111:Is_Industry_Top1001",11.0077737399779,0.0790349822709004,0.937004798252411,"None",0.666666666666667
"273","Food.Code112:Is_Industry_Top1001",NA,NA,NA,"None",0
"274","Food.Code113:Is_Industry_Top1001",NA,NA,NA,"None",0
"275","Food.Code114:Is_Industry_Top1001",NA,NA,NA,"None",0
"276","Food.Code115:Is_Industry_Top1001",12.0308352076446,0.0610802399865611,0.951295305969819,"None",0.142857142857143
"277","Food.Code116:Is_Industry_Top1001",0.15767575958711,0.111377643317177,0.911316887793923,"None",0.0952380952380952
"278","Food.Code117:Is_Industry_Top1001",NA,NA,NA,"None",0
"279","Food.Code118:Is_Industry_Top1001",NA,NA,NA,"None",0
"280","Food.Code119:Is_Industry_Top1001",NA,NA,NA,"None",0
"281","Food.Code120:Is_Industry_Top1001",10.9377148049136,0.0555305011690704,0.955715831012723,"None",0.04
"282","Food.Code122:Is_Industry_Top1001",0.498885183394067,0.430697061819285,0.666688655488902,"None",0.5
"283","Food.Code123:Is_Industry_Top1001",-0.273070725270736,-0.272661333611396,0.785113560105428,"None",0.225806451612903
"284","Food.Code124:Is_Industry_Top1001",0.508524126777684,0.414625400574777,0.678416150658395,"None",0.210526315789474
"285","Food.Code125:Is_Industry_Top1001",-0.668145878354529,-0.54104802434965,0.588474481717258,"None",0.75
"286","Food.Code126:Is_Industry_Top1001",NA,NA,NA,"None",0
"287","Food.Code127:Is_Industry_Top1001",11.0581734088395,0.0561420539003563,0.955228642581358,"None",0.2
"288","Food.Code128:Is_Industry_Top1001",NA,NA,NA,"None",0
"289","Food.Code129:Is_Industry_Top1001",-0.0885533973414462,-0.0620687676924573,0.950508068795994,"None",0.181818181818182
"290","Food.Code130:Is_Industry_Top1001",NA,NA,NA,"None",0
"291","Food.Code132:Is_Industry_Top1001",-0.844914069031928,-0.596261734699005,0.551000389732535,"None",0.107142857142857
"292","Food.Code133:Is_Industry_Top1001",NA,NA,NA,"None",0
"293","Food.Code134:Is_Industry_Top1001",NA,NA,NA,"None",0
"294","Food.Code135:Is_Industry_Top1001",NA,NA,NA,"None",0
"295","Food.Code136:Is_Industry_Top1001",NA,NA,NA,"None",0
"296","Food.Code138:Is_Industry_Top1001",-0.809406986675803,-0.57092614229519,0.56804970921546,"None",0.4
"297","Food.Code139:Is_Industry_Top1001",11.0407872144533,0.0560537807654322,0.95529896361641,"None",0.333333333333333
"298","Food.Code140:Is_Industry_Top1001",NA,NA,NA,"None",0
"299","Food.Code141:Is_Industry_Top1001",10.9580641501553,0.0786780370558497,0.93728871520595,"None",1
"300","Food.Code142:Is_Industry_Top1001",NA,NA,NA,"None",0
"301","Food.Code143:Is_Industry_Top1001",NA,NA,NA,"None",0
"302","Food.Code144:Is_Industry_Top1001",NA,NA,NA,"None",0
"303","Food.Code145:Is_Industry_Top1001",11.1019942499565,0.0563645465630935,0.955051399779761,"None",0.0344827586206897
"304","Food.Code146:Is_Industry_Top1001",NA,NA,NA,"None",0
"305","Food.Code147:Is_Industry_Top1001",NA,NA,NA,"None",0
"306","Food.Code148:Is_Industry_Top1001",NA,NA,NA,"None",0
"307","Food.Code149:Is_Industry_Top1001",NA,NA,NA,"None",0
"308","Food.Code150:Is_Industry_Top1001",0.0217399866364092,0.0265641287620015,0.978807384257517,"None",0.166666666666667
"309","Food.Code151:Is_Industry_Top1001",-0.322117348871581,-0.728652001794257,0.466214560295153,"None",0.266666666666667
"310","Food.Code152:Is_Industry_Top1001",NA,NA,NA,"None",0
"311","Food.Code153:Is_Industry_Top1001",NA,NA,NA,"None",0
"312","Food.Code154:Is_Industry_Top1001",NA,NA,NA,"None",0
"313","Food.Code155:Is_Industry_Top1001",NA,NA,NA,"None",0
"314","Food.Code156:Is_Industry_Top1001",NA,NA,NA,"None",0
"315","Food.Code157:Is_Industry_Top1001",NA,NA,NA,"None",0
"316","Food.Code158:Is_Industry_Top1001",NA,NA,NA,"None",0
"317","Food.Code159:Is_Industry_Top1001",NA,NA,NA,"None",0
"318","Food.Code160:Is_Industry_Top1001",-11.989790396716,-0.0608718616618418,0.951461259017421,"None",0.0555555555555556
"319","Food.Code161:Is_Industry_Top1001",NA,NA,NA,"None",0
"320","Food.Code162:Is_Industry_Top1001",NA,NA,NA,"None",0
"321","Food.Code163:Is_Industry_Top1001",-0.00653597097974357,-0.0101089673002803,0.991934348438808,"None",0.181818181818182
"322","Food.Code164:Is_Industry_Top1001",NA,NA,NA,"None",0
"323","Food.Code165:Is_Industry_Top1001",NA,NA,NA,"None",0
"324","Food.Code166:Is_Industry_Top1001",NA,NA,NA,"None",0
"325","Food.Code167:Is_Industry_Top1001",NA,NA,NA,"None",0
"326","Food.Code168:Is_Industry_Top1001",-11.6105052849443,-0.0589462236001691,0.952994940925182,"None",0.25
